Id,River,Type,Discharge,Length,Width,Basin
746,Mentevina,Creek,3513 m³/s,290 km,9.317 km,Mentevina
636,Riofrioce,Branch,3187 m³/s,487 km,7.214 km,Mentevina
634,Escamamos,River,2825 m³/s,324 km,6.713 km,Mentevina
633,Pradobilos,Branch,2650 m³/s,456 km,7.113 km,Mentevina
867,Martinnes,River,2388 m³/s,517 km,10.019 km,Martinnes
635,Chern,River,1334 m³/s,716 km,5.31 km,Chern
445,Mstis,River,1308 m³/s,4653 km,6.412 km,Mstis
702,Arges,Creek,1164 m³/s,433 km,4.108 km,Arges
242,Paudecoq,River,1135 m³/s,5986 km,4.008 km,Martinnes
415,Mujayo,River,1073 m³/s,698 km,3.807 km,Mujayo
455,Onas,River,1073 m³/s,2400 km,4.408 km,Onas
378,Fonzano,River,1063 m³/s,1023 km,4.008 km,Fonzano
554,Oyabygd,Brook,1054 m³/s,493 km,3.707 km,Oyabygd
1045,Ardonvilly,River,876 m³/s,683 km,3.006 km,Ardonvilly
12,Borco,River,863 m³/s,10355 km,5.811 km,Borco
461,Gallinolinio,River,854 m³/s,1858 km,3.206 km,Gallinolinio
385,Keila,River,851 m³/s,1755 km,3.206 km,Keila
36,Biler,River,836 m³/s,3935 km,3.607 km,Biler
631,Fuenzon,River,741 m³/s,1358 km,1.904 km,Mentevina
10,Carteguma,River,724 m³/s,2066 km,1.803 km,Arges
51,Blonvogda,Fork,685 m³/s,2675 km,1.803 km,Oyabygd
888,Dorstad,River,672 m³/s,606 km,2.104 km,Dorstad
92,Teinen,River,668 m³/s,4545 km,2.905 km,Teinen
531,Skipton,River,653 m³/s,1354 km,2.204 km,Skipton
196,Piglia,River,632 m³/s,8187 km,3.807 km,Piglia
13,Hinillas,River,621 m³/s,2756 km,1.703 km,Mujayo
780,Zafenberg,River,613 m³/s,1435 km,2.104 km,Zafenberg
14,Valdevera,River,591 m³/s,4398 km,2.605 km,Valdevera
29,Boesseroy,River,591 m³/s,5139 km,1.904 km,Ardonvilly
27,Moschiyhov,River,577 m³/s,6226 km,2.905 km,Moschiyhov
313,Barvala,River,560 m³/s,513 km,1.603 km,Barvala
50,Bostso,River,534 m³/s,4189 km,2.204 km,Bostso
15,Benaskivi,River,531 m³/s,6149 km,2.705 km,Benaskivi
380,Simersbach,River,520 m³/s,2176 km,1.703 km,Simersbach
126,Catao,Fork,501 m³/s,6578 km,1.904 km,Martinnes
127,Vimoa,River,495 m³/s,3969 km,2.004 km,Vimoa
74,Alterngen,River,490 m³/s,5088 km,2.204 km,Alterngen
180,Barteres,River,484 m³/s,1879 km,1.603 km,Barteres
426,Panelfarasa,River,473 m³/s,1822 km,1.603 km,Panelfarasa
118,Nojaksi,River,462 m³/s,4361 km,1.904 km,Nojaksi
1289,Sarano,Brook,459 m³/s,270 km,0.902 km,Sarano
129,Rheindin,River,449 m³/s,4167 km,1.904 km,Rheindin
137,Vilpsa,River,446 m³/s,2979 km,1.202 km,Keila
85,Fuenrejoso,River,435 m³/s,1816 km,1.002 km,Mentevina
8,Cerrealvez,River,432 m³/s,3061 km,1.603 km,Cerrealvez
136,Lorbachren,River,427 m³/s,2712 km,1.603 km,Lorbachren
44,Arron,River,421 m³/s,3328 km,1.603 km,Arron
373,Baglialicota,Creek,420 m³/s,332 km,0.701 km,Fonzano
632,Unatienda,Stream,419 m³/s,344 km,0.701 km,Mentevina
56,Schopendern,River,411 m³/s,3018 km,1.603 km,Schopendern
181,Ouneuflans,River,409 m³/s,4676 km,1.403 km,Martinnes
218,Fona,River,409 m³/s,2003 km,1.302 km,Fona
418,Betested,River,404 m³/s,2530 km,1.403 km,Betested
395,Haugslina,River,401 m³/s,1616 km,1.302 km,Haugslina
206,Paigntare,River,384 m³/s,2371 km,1.302 km,Paigntare
676,Haltony,River,384 m³/s,1379 km,1.202 km,Haltony
558,Enzheim,River,380 m³/s,2193 km,1.302 km,Enzheim
236,Grotricera,River,379 m³/s,1756 km,1.202 km,Grotricera
167,Givray,River,378 m³/s,2529 km,1.302 km,Givray
169,Adeluz,River,376 m³/s,3210 km,1.403 km,Adeluz
325,Bodmouth,River,366 m³/s,2086 km,1.202 km,Bodmouth
32,Knutsterton,River,357 m³/s,1641 km,1.102 km,Knutsterton
58,Torre,River,355 m³/s,5506 km,1.904 km,Torre
30,Mopeles,River,345 m³/s,1318 km,1.102 km,Mopeles
80,Viropa,River,344 m³/s,4088 km,1.503 km,Viropa
874,Maulden,River,344 m³/s,1018 km,1.102 km,Maulden
1084,Autes,River,340 m³/s,658 km,1.002 km,Autes
324,Coutimpil,River,333 m³/s,3032 km,1.202 km,Coutimpil
82,Aramatrimon,River,328 m³/s,6100 km,1.302 km,Borco
224,Ruannenest,River,322 m³/s,3513 km,1.403 km,Ruannenest
914,Granvilliers,River,320 m³/s,940 km,1.002 km,Granvilliers
247,Bozin,River,311 m³/s,1461 km,1.002 km,Bozin
4,Padscast,River,309 m³/s,3016 km,1.202 km,Padscast
49,Crotvilleaux,River,309 m³/s,2129 km,1.102 km,Crotvilleaux
166,Dodbridley,River,309 m³/s,3939 km,1.302 km,Dodbridley
234,Leodori,Fork,298 m³/s,2084 km,0.701 km,Mentevina
99,Heyfield,River,282 m³/s,967 km,0.802 km,Heyfield
468,Ofengenzach,River,282 m³/s,1945 km,1.002 km,Ofengenzach
147,Tiendorfend,River,274 m³/s,1721 km,0.902 km,Tiendorfend
552,Kirchrenken,River,267 m³/s,1160 km,0.802 km,Kirchrenken
77,Lauvog,River,260 m³/s,1245 km,0.601 km,Oyabygd
19,Lunas,River,257 m³/s,3252 km,0.701 km,Barvala
275,Yesedosote,River,251 m³/s,2490 km,0.701 km,Mentevina
388,Gengen,River,251 m³/s,1088 km,0.701 km,Gengen
462,Dubkinech,Fork,251 m³/s,1349 km,0.601 km,Mstis
464,Kuulalo,River,250 m³/s,1441 km,0.802 km,Kuulalo
348,Bagoldkirch,River,249 m³/s,1494 km,0.802 km,Bagoldkirch
318,Enweilerten,River,248 m³/s,2987 km,1.002 km,Enweilerten
478,Waldbron,River,246 m³/s,1932 km,0.802 km,Waldbron
561,Geiter,River,246 m³/s,969 km,0.701 km,Geiter
638,Otnautach,River,244 m³/s,1160 km,0.701 km,Otnautach
73,Borcy,River,238 m³/s,4747 km,0.902 km,Martinnes
354,Onigschweil,River,232 m³/s,1648 km,0.802 km,Onigschweil
645,Objaluresi,River,232 m³/s,2329 km,0.902 km,Objaluresi
320,Hardt,River,227 m³/s,1648 km,0.701 km,Hardt
98,Valgarto,River,219 m³/s,1132 km,0.501 km,Arges
128,Malvez,River,218 m³/s,2969 km,0.701 km,Mentevina
471,Pertti,River,217 m³/s,2151 km,0.802 km,Pertti
20,Coril,River,214 m³/s,3361 km,0.902 km,Coril
138,Amijarvimio,River,211 m³/s,2268 km,0.802 km,Amijarvimio
297,Drutshev,Fork,210 m³/s,1189 km,0.501 km,Chern
641,Hoskogsund,River,210 m³/s,1496 km,0.701 km,Hoskogsund
391,Hettinen,River,208 m³/s,952 km,0.601 km,Hettinen
84,Leighin,River,205 m³/s,1194 km,0.601 km,Leighin
57,Opylvazh,River,200 m³/s,2964 km,0.902 km,Opylvazh
178,Tortadilped,River,200 m³/s,3275 km,0.902 km,Tortadilped
377,Hauvatti,Stream,197 m³/s,531 km,0.401 km,Keila
207,Newceston,Fork,196 m³/s,1374 km,0.501 km,Chern
639,Karmeski,Creek,192 m³/s,538 km,0.601 km,Karmeski
928,Fertin,River,191 m³/s,593 km,0.601 km,Fertin
375,Niksare,Fork,190 m³/s,1524 km,0.601 km,Onas
1,Skiping,River,187 m³/s,4285 km,1.002 km,Skiping
96,Venzio,Fork,187 m³/s,3013 km,0.601 km,Sarano
414,Vidadama,Fork,187 m³/s,745 km,0.401 km,Arges
91,Fiupo,River,186 m³/s,1670 km,0.601 km,Fiupo
193,Barcedati,River,181 m³/s,2331 km,0.701 km,Barcedati
179,Niivala,River,178 m³/s,1858 km,0.701 km,Niivala
417,Albroney,River,178 m³/s,1615 km,0.601 km,Albroney
559,Huetboyersto,River,178 m³/s,1663 km,0.601 km,Huetboyersto
381,Vehmova,River,177 m³/s,2081 km,0.701 km,Vehmova
173,Baresitazu,River,174 m³/s,2044 km,0.701 km,Baresitazu
249,Sagrecira,River,174 m³/s,1930 km,0.701 km,Sagrecira
33,Cijaguilme,River,173 m³/s,751 km,0.501 km,Cijaguilme
219,Serva,River,172 m³/s,959 km,0.501 km,Serva
754,Maaratta,River,172 m³/s,1562 km,0.601 km,Maaratta
489,Rocqua,River,171 m³/s,791 km,0.501 km,Rocqua
294,Rebries,River,169 m³/s,1400 km,0.601 km,Rebries
171,Hofsterkir,Fork,168 m³/s,1637 km,0.401 km,Alterngen
553,Kalaskila,River,168 m³/s,1147 km,0.501 km,Kalaskila
87,Lahmaraina,Fork,167 m³/s,1236 km,0.401 km,Onas
387,Wigmorough,River,167 m³/s,1592 km,0.601 km,Wigmorough
260,Aurano,River,166 m³/s,1004 km,0.401 km,Fonzano
452,Oittinalike,River,165 m³/s,300 km,0.2 km,Onas
208,Standoreham,River,164 m³/s,1023 km,0.401 km,Chern
349,Laillevilly,River,164 m³/s,1440 km,0.601 km,Laillevilly
40,Yerin,River,163 m³/s,1473 km,0.601 km,Yerin
405,Olmilinto,River,163 m³/s,1894 km,0.601 km,Olmilinto
81,Allanevope,River,162 m³/s,1802 km,0.601 km,Allanevope
860,Kehtilu,River,159 m³/s,1190 km,0.501 km,Kehtilu
9,Cayanilda,Fork,153 m³/s,2533 km,0.501 km,Arron
560,Steindorfen,River,148 m³/s,950 km,0.501 km,Steindorfen
864,Rakki,River,148 m³/s,1025 km,0.501 km,Rakki
95,Cosenha,River,146 m³/s,2110 km,0.601 km,Cosenha
11,Canes,River,145 m³/s,789 km,0.301 km,Mujayo
47,Aspoli,River,145 m³/s,2922 km,0.501 km,Nojaksi
670,Oulusanski,River,143 m³/s,619 km,0.301 km,Oulusanski
2,Wargleters,River,141 m³/s,1131 km,0.501 km,Wargleters
198,Mamps,Fork,141 m³/s,1559 km,0.401 km,Ardonvilly
146,Kiipohma,River,140 m³/s,1839 km,0.401 km,Keila
432,Craftham,Creek,140 m³/s,517 km,0.301 km,Craftham
37,Parjamen,River,139 m³/s,1275 km,0.501 km,Parjamen
130,Treti,River,138 m³/s,1052 km,0.401 km,Treti
472,Berdorf,River,137 m³/s,943 km,0.401 km,Berdorf
7,Lerue,River,135 m³/s,1398 km,0.401 km,Gallinolinio
194,Vemilgo,River,135 m³/s,1575 km,0.401 km,Chern
289,Chatigy,River,133 m³/s,2290 km,0.401 km,Ardonvilly
547,Vallo,Creek,133 m³/s,248 km,0.2 km,Mentevina
477,Newleigh,River,132 m³/s,697 km,0.401 km,Newleigh
743,Huitsarinen,Creek,130 m³/s,427 km,0.301 km,Huitsarinen
463,Odeck,River,129 m³/s,599 km,0.2 km,Simersbach
563,Kigasjarvi,River,128 m³/s,939 km,0.401 km,Kigasjarvi
100,Marcha,River,127 m³/s,937 km,0.401 km,Marcha
254,Peiamt,River,127 m³/s,1100 km,0.401 km,Peiamt
255,Postelleno,Fork,127 m³/s,2063 km,0.401 km,Sarano
280,Ponta,River,127 m³/s,830 km,0.301 km,Fonzano
758,Vemepo,River,125 m³/s,1600 km,0.501 km,Vemepo
459,Thatcking,River,124 m³/s,956 km,0.401 km,Thatcking
652,Neusachried,River,124 m³/s,1067 km,0.401 km,Neusachried
300,Galnuorio,Fork,123 m³/s,717 km,0.301 km,Fona
315,Shonetondo,River,123 m³/s,1296 km,0.501 km,Shonetondo
880,Salahti,Creek,121 m³/s,368 km,0.1 km,Salahti
650,Aivijarkaus,River,120 m³/s,802 km,0.401 km,Aivijarkaus
869,Beauvilmiers,River,119 m³/s,764 km,0.401 km,Beauvilmiers
23,Kaupun,River,118 m³/s,1346 km,0.401 km,Kaupun
24,Kingfordge,River,118 m³/s,941 km,0.401 km,Kingfordge
176,Kirneford,River,118 m³/s,617 km,0.401 km,Kirneford
281,Midavichi,River,118 m³/s,1222 km,0.301 km,Mstis
317,Daltonbeck,River,118 m³/s,862 km,0.401 km,Daltonbeck
470,Dachstertal,River,118 m³/s,1038 km,0.401 km,Dachstertal
143,Rocquasano,River,117 m³/s,1755 km,0.401 km,Borco
188,Carronsanil,River,117 m³/s,564 km,0.401 km,Carronsanil
813,Sgurdolicuto,Creek,117 m³/s,433 km,0.401 km,Sgurdolicuto
59,Torrelas,River,116 m³/s,1668 km,0.401 km,Barvala
61,Pedrora,River,115 m³/s,1275 km,0.501 km,Pedrora
46,Alvistete,River,114 m³/s,2523 km,0.401 km,Torre
113,Oraiaraba,River,114 m³/s,1636 km,0.301 km,Martinnes
172,Hylatordu,River,114 m³/s,2597 km,0.401 km,Keila
253,Schalheim,River,114 m³/s,1044 km,0.301 km,Dorstad
351,Chaindabe,River,114 m³/s,1908 km,0.501 km,Chaindabe
62,Oshole,River,113 m³/s,750 km,0.401 km,Oshole
195,Vennes,Fork,113 m³/s,1922 km,0.301 km,Martinnes
217,Tusca,River,113 m³/s,950 km,0.401 km,Tusca
142,Jarnsdalen,River,112 m³/s,695 km,0.301 km,Oyabygd
226,Teirorilmei,River,112 m³/s,572 km,0.2 km,Adeluz
168,Yavetsla,Fork,111 m³/s,2410 km,0.401 km,Moschiyhov
358,Alales,River,111 m³/s,725 km,0.301 km,Mentevina
408,Edakkaki,River,110 m³/s,570 km,0.401 km,Edakkaki
252,Schraderesch,Fork,109 m³/s,816 km,0.301 km,Bozin
453,Enteirarul,Fork,109 m³/s,1399 km,0.301 km,Coutimpil
566,Selburg,River,109 m³/s,646 km,0.401 km,Selburg
148,Pobejondes,River,108 m³/s,1426 km,0.401 km,Pobejondes
291,Resiqueroda,Fork,108 m³/s,1655 km,0.301 km,Mentevina
345,Bouvilles,Fork,108 m³/s,2568 km,0.401 km,Martinnes
484,Mabingmowey,River,108 m³/s,620 km,0.2 km,Mabingmowey
150,Torrudejos,River,107 m³/s,1229 km,0.401 km,Torrudejos
423,Westcheaple,River,107 m³/s,1160 km,0.401 km,Westcheaple
209,Totham,Brook,106 m³/s,438 km,0.2 km,Heyfield
225,Courgisses,Fork,105 m³/s,2155 km,0.401 km,Martinnes
288,Sompu,Fork,105 m³/s,1395 km,0.301 km,Keila
446,Briarrievil,River,105 m³/s,2195 km,0.401 km,Martinnes
550,Sterzhok,River,105 m³/s,1245 km,0.301 km,Mstis
565,Astii,River,104 m³/s,854 km,0.401 km,Astii
653,Bineford,River,104 m³/s,776 km,0.301 km,Bineford
384,Courdon,River,103 m³/s,1442 km,0.401 km,Courdon
870,Zafengen,Fork,103 m³/s,879 km,0.301 km,Enzheim
907,Forefordge,Brook,103 m³/s,277 km,0.1 km,Forefordge
69,Villeroy,Fork,102 m³/s,825 km,0.301 km,Barteres
155,Case,River,102 m³/s,640 km,0.301 km,Case
158,Horches,Creek,102 m³/s,550 km,0.2 km,Gallinolinio
119,Fluorheim,River,101 m³/s,1052 km,0.301 km,Biler
329,Uxbrid,River,101 m³/s,728 km,0.301 km,Uxbrid
299,Chanilmes,River,100 m³/s,877 km,0.301 km,Chanilmes
88,Stanston,River,99 m³/s,729 km,0.301 km,Stanston
144,Freiburg,Fork,99 m³/s,1177 km,0.301 km,Biler
201,Birbach,Fork,99 m³/s,1239 km,0.301 km,Schopendern
549,Saamaa,Fork,99 m³/s,646 km,0.2 km,Kuulalo
651,Jepapirtti,River,99 m³/s,864 km,0.401 km,Jepapirtti
72,Bracao,River,98 m³/s,956 km,0.401 km,Bracao
222,Modgeter,River,98 m³/s,767 km,0.301 km,Modgeter
290,Turtuedota,River,98 m³/s,1198 km,0.301 km,Mentevina
877,Hasel,Creek,98 m³/s,547 km,0.2 km,Hasel
768,Vrigny,Branch,97 m³/s,512 km,0.2 km,Autes
770,Ouritani,Creek,97 m³/s,473 km,0.2 km,Ouritani
875,Karlstet,Stream,97 m³/s,519 km,0.2 km,Karlstet
114,Kirchren,Fork,96 m³/s,913 km,0.301 km,Teinen
506,Hartondo,Creek,96 m³/s,551 km,0.2 km,Hartondo
568,Orshofngi,River,96 m³/s,481 km,0.2 km,Orshofngi
648,Schopfloch,Branch,96 m³/s,319 km,0.1 km,Biler
430,Mstisk,River,95 m³/s,661 km,0.301 km,Mstisk
571,Newburyles,River,95 m³/s,560 km,0.2 km,Newburyles
669,Pondaozete,Brook,95 m³/s,460 km,0.2 km,Pondaozete
886,Lohmo,Creek,95 m³/s,430 km,0.1 km,Lohmo
83,Bosvisey,River,94 m³/s,1445 km,0.301 km,Bostso
104,Alrazanarru,Creek,94 m³/s,527 km,0.2 km,Alrazanarru
305,Collemino,River,94 m³/s,518 km,0.2 km,Collemino
576,Contellados,Brook,94 m³/s,409 km,0.2 km,Contellados
131,Maltash,River,93 m³/s,1039 km,0.401 km,Maltash
256,Viliadistel,River,93 m³/s,849 km,0.301 km,Viliadistel
266,Patri,Creek,93 m³/s,365 km,0.1 km,Patri
663,Marling,River,93 m³/s,567 km,0.301 km,Marling
211,Urgas,River,92 m³/s,760 km,0.2 km,Mstis
241,Shorerewen,River,92 m³/s,907 km,0.2 km,Skipton
251,Abratao,River,92 m³/s,1328 km,0.401 km,Abratao
396,Haala,Creek,92 m³/s,364 km,0.1 km,Haala
488,Boscast,Creek,92 m³/s,428 km,0.2 km,Boscast
637,Ehrsfeldt,River,92 m³/s,1153 km,0.401 km,Ehrsfeldt
646,Steisenkirch,River,92 m³/s,812 km,0.301 km,Steisenkirch
220,Harvi,River,91 m³/s,765 km,0.2 km,Piglia
235,Wigramer,River,91 m³/s,1636 km,0.401 km,Wigramer
872,Tieden,River,91 m³/s,537 km,0.301 km,Tieden
410,Sashut,River,90 m³/s,703 km,0.2 km,Simersbach
486,Dodbrid,River,90 m³/s,632 km,0.301 km,Dodbrid
501,Freilernach,Creek,90 m³/s,344 km,0.1 km,Freilernach
673,Ville,River,90 m³/s,563 km,0.2 km,Ville
312,Herciranes,Fork,89 m³/s,1298 km,0.301 km,Mentevina
433,Shiford,River,89 m³/s,715 km,0.301 km,Shiford
493,Moucaleroi,Creek,89 m³/s,390 km,0.1 km,Moucaleroi
557,Dirolleurs,River,89 m³/s,905 km,0.301 km,Martinnes
424,Kinenkipu,River,88 m³/s,1172 km,0.401 km,Kinenkipu
1180,Koutogevits,River,88 m³/s,305 km,0.1 km,Koutogevits
259,Overrudore,River,87 m³/s,884 km,0.2 km,Barvala
361,Knalisdon,Creek,87 m³/s,391 km,0.2 km,Knalisdon
5,Carta,River,86 m³/s,1656 km,0.301 km,Barvala
686,Rheibachen,Creek,85 m³/s,325 km,0.1 km,Rheibachen
776,Schal,Brook,85 m³/s,483 km,0.2 km,Schal
53,Pauca,River,84 m³/s,613 km,0.301 km,Pauca
183,Barcostel,River,84 m³/s,2925 km,0.501 km,Barcostel
184,Thignes,River,84 m³/s,574 km,0.1 km,Barteres
359,Nubios,River,84 m³/s,588 km,0.1 km,Mstis
245,Ohlstal,River,83 m³/s,622 km,0.2 km,Biler
534,Tormices,Creek,83 m³/s,322 km,0.1 km,Tormices
569,Bolmenda,Creek,83 m³/s,493 km,0.2 km,Bolmenda
782,Durbolzheim,Brook,83 m³/s,524 km,0.2 km,Durbolzheim
1178,Stanesnes,Creek,83 m³/s,310 km,0.1 km,Stanesnes
16,Zubkigov,River,82 m³/s,2447 km,0.401 km,Moschiyhov
93,Quarvo,Fork,82 m³/s,1072 km,0.2 km,Vimoa
231,Pevana,Creek,82 m³/s,523 km,0.2 km,Pevana
460,Sondiralles,River,82 m³/s,570 km,0.2 km,Mentevina
474,Grantheham,Brook,82 m³/s,501 km,0.2 km,Grantheham
66,Montes,Fork,81 m³/s,2330 km,0.301 km,Ardonvilly
97,Sanguicol,River,81 m³/s,1100 km,0.2 km,Arges
151,Gorolec,River,81 m³/s,1664 km,0.401 km,Gorolec
301,Fonzanoton,River,81 m³/s,753 km,0.301 km,Fonzanoton
353,Sastettingen,Creek,81 m³/s,510 km,0.1 km,Teinen
360,Tame,River,81 m³/s,544 km,0.301 km,Tame
505,Bosterming,Creek,81 m³/s,267 km,0.1 km,Bosterming
570,Aimonsburg,Branch,81 m³/s,521 km,0.1 km,Dorstad
240,Viazhyenev,Fork,80 m³/s,981 km,0.2 km,Opylvazh
767,Rokia,River,80 m³/s,668 km,0.301 km,Rokia
202,Achermers,River,79 m³/s,686 km,0.2 km,Lorbachren
276,Tuspe,Branch,79 m³/s,467 km,0.1 km,Grotricera
382,Teisin,River,79 m³/s,542 km,0.1 km,Biler
773,Ornaulach,River,79 m³/s,576 km,0.2 km,Ornaulach
42,Pueblelas,Brook,78 m³/s,318 km,0.2 km,Pueblelas
122,Arrutanta,River,78 m³/s,1120 km,0.301 km,Arrutanta
157,Dunskirkham,River,78 m³/s,689 km,0.301 km,Dunskirkham
258,Sares,Fork,78 m³/s,694 km,0.2 km,Mentevina
671,Auemi,Brook,78 m³/s,470 km,0.2 km,Auemi
672,Cleonesole,Creek,78 m³/s,400 km,0.2 km,Cleonesole
674,Capro,Creek,78 m³/s,272 km,0.1 km,Capro
890,Bisenken,River,78 m³/s,348 km,0.2 km,Bisenken
1059,Tupuntaloki,Creek,77 m³/s,293 km,0.1 km,Tupuntaloki
435,Allenazueca,Brook,76 m³/s,419 km,0.2 km,Allenazueca
769,Hatford,Stream,76 m³/s,521 km,0.301 km,Hatford
775,Niegen,Stream,76 m³/s,506 km,0.2 km,Niegen
791,Cleomer,Stream,76 m³/s,159 km,0.1 km,Cleomer
174,Redckeley,Fork,75 m³/s,941 km,0.2 km,Padscast
190,Midgehore,Creek,75 m³/s,289 km,0.1 km,Midgehore
228,Fonto,River,75 m³/s,892 km,0.301 km,Fonto
271,Ficoiarapola,Brook,75 m³/s,476 km,0.1 km,Borco
555,Roccariateta,Creek,75 m³/s,322 km,0.1 km,Roccariateta
687,Tadeford,River,75 m³/s,522 km,0.2 km,Tadeford
878,Breisach,Creek,75 m³/s,483 km,0.2 km,Breisach
322,Gladskif,River,74 m³/s,391 km,0.1 km,Valdevera
404,Ingny,River,74 m³/s,1398 km,0.2 km,Martinnes
467,Enneyri,Brook,74 m³/s,409 km,0.1 km,Valdevera
887,Porhorives,Creek,74 m³/s,344 km,0.1 km,Porhorives
65,Douchienny,River,73 m³/s,1136 km,0.2 km,Martinnes
192,Oeira,Branch,73 m³/s,484 km,0.1 km,Vimoa
278,Grieslachin,River,73 m³/s,879 km,0.2 km,Schopendern
469,Waton,River,73 m³/s,1144 km,0.2 km,Betested
485,Norden,River,73 m³/s,625 km,0.2 km,Norden
578,Rothesbury,Creek,73 m³/s,358 km,0.2 km,Rothesbury
766,Durten,River,73 m³/s,663 km,0.301 km,Durten
363,Lympsted,Branch,72 m³/s,335 km,0.1 km,Skipton
694,Ablanquejo,Creek,72 m³/s,288 km,0.1 km,Ablanquejo
177,Burgerio,Brook,71 m³/s,501 km,0.2 km,Burgerio
386,Kustallbach,River,71 m³/s,669 km,0.1 km,Gengen
465,Pedas,River,71 m³/s,1051 km,0.301 km,Pedas
476,Tourdeauluzo,River,71 m³/s,802 km,0.301 km,Tourdeauluzo
1044,Lunon,Creek,71 m³/s,311 km,0.2 km,Lunon
1054,Silerbach,Creek,71 m³/s,242 km,0.1 km,Silerbach
668,Ahmaspoki,River,70 m³/s,737 km,0.301 km,Ahmaspoki
796,Schlutosch,River,70 m³/s,312 km,0.1 km,Schlutosch
154,Berburyles,River,69 m³/s,726 km,0.2 km,Chern
185,Hendalton,River,69 m³/s,885 km,0.301 km,Hendalton
448,Kreretsk,River,69 m³/s,840 km,0.2 km,Mstis
451,Ubiayos,River,69 m³/s,284 km,0.1 km,Gallinolinio
689,Rohrzarkirch,Creek,69 m³/s,305 km,0.1 km,Rohrzarkirch
695,Parvisami,River,69 m³/s,309 km,0.1 km,Parvisami
25,Haala,River,68 m³/s,1808 km,0.401 km,Haala
110,Norca,Creek,68 m³/s,324 km,0.2 km,Norca
282,Torrio,River,68 m³/s,921 km,0.301 km,Torrio
332,Altone,River,68 m³/s,421 km,0.1 km,Altone
412,Saltonorby,River,68 m³/s,387 km,0.1 km,Paigntare
428,Zizhesk,River,68 m³/s,804 km,0.301 km,Zizhesk
481,Bimellin,River,68 m³/s,616 km,0.2 km,Bimellin
675,Traines,River,68 m³/s,287 km,0.1 km,Traines
889,Riiva,Creek,68 m³/s,278 km,0.1 km,Riiva
86,Stapsea,River,67 m³/s,757 km,0.2 km,Knutsterton
333,Salla,Brook,67 m³/s,427 km,0.1 km,Salla
678,Coeiterechi,Creek,67 m³/s,443 km,0.1 km,Coeiterechi
755,Wittnaubu,River,67 m³/s,436 km,0.2 km,Wittnaubu
781,Courre,Creek,67 m³/s,326 km,0.1 km,Courre
884,Schlinengen,Creek,67 m³/s,224 km,0.1 km,Schlinengen
912,Alola,Creek,67 m³/s,321 km,0.1 km,Alola
1184,Ehrsbad,Creek,67 m³/s,243 km,0.1 km,Ehrsbad
186,Milhonque,River,66 m³/s,749 km,0.301 km,Milhonque
393,Inngen,River,66 m³/s,459 km,0.2 km,Inngen
473,Chavanthinet,River,66 m³/s,681 km,0.301 km,Chavanthinet
498,Helstabrid,Creek,66 m³/s,319 km,0.1 km,Helstabrid
692,Berach,Creek,66 m³/s,269 km,0.1 km,Berach
693,Brijuejo,Brook,66 m³/s,256 km,0.1 km,Brijuejo
757,Moucaiaro,Creek,66 m³/s,330 km,0.1 km,Moucaiaro
764,Chisterham,River,66 m³/s,779 km,0.301 km,Chisterham
765,Schontal,Branch,66 m³/s,360 km,0.1 km,Gengen
794,Kuhlaila,Creek,66 m³/s,274 km,0.1 km,Kuhlaila
800,Arboglia,Brook,66 m³/s,247 km,0.1 km,Arboglia
911,Haarakoski,Creek,66 m³/s,261 km,0.1 km,Haarakoski
64,Kogurlaks,Brook,65 m³/s,514 km,0.1 km,Oyabygd
213,Unnsvi,Creek,65 m³/s,327 km,0.1 km,Unnsvi
383,Chevraiselle,Brook,65 m³/s,331 km,0.1 km,Martinnes
413,Orodetshin,River,65 m³/s,763 km,0.2 km,Mstis
683,Lofengen,River,65 m³/s,357 km,0.1 km,Lofengen
882,Lenzgraden,Creek,65 m³/s,406 km,0.1 km,Lenzgraden
394,Lasakangeki,River,64 m³/s,643 km,0.301 km,Lasakangeki
760,Villeurs,River,64 m³/s,1214 km,0.2 km,Autes
906,Elzburg,Creek,64 m³/s,342 km,0.1 km,Elzburg
1051,Schofenlin,Creek,64 m³/s,299 km,0.1 km,Schofenlin
60,Cendanona,Branch,63 m³/s,551 km,0.1 km,Mopeles
175,Hafsostad,River,63 m³/s,428 km,0.1 km,Knutsterton
265,Monvillevil,Creek,63 m³/s,553 km,0.2 km,Monvillevil
454,Bolensk,River,63 m³/s,670 km,0.1 km,Moschiyhov
798,Roccanteta,Creek,63 m³/s,251 km,0.1 km,Roccanteta
1050,Rohrbach,River,63 m³/s,540 km,0.2 km,Rohrbach
1182,Thetle,Brook,63 m³/s,216 km,0.1 km,Thetle
101,Movejadana,River,62 m³/s,414 km,0.1 km,Cijaguilme
286,Cascasa,Creek,62 m³/s,284 km,0.1 km,Sarano
304,Querdos,Creek,62 m³/s,491 km,0.1 km,Mentevina
376,Oittutio,River,62 m³/s,852 km,0.2 km,Keila
411,Apingmo,Branch,62 m³/s,491 km,0.1 km,Paigntare
450,Escon,Fork,62 m³/s,997 km,0.2 km,Martinnes
680,Hatre,Creek,62 m³/s,332 km,0.1 km,Hatre
892,Horngen,Creek,62 m³/s,410 km,0.1 km,Horngen
159,Matondiga,Creek,61 m³/s,512 km,0.2 km,Matondiga
160,Bington,River,61 m³/s,313 km,0.1 km,Bington
214,Vigry,Creek,61 m³/s,465 km,0.1 km,Vigry
397,Saccagiola,River,61 m³/s,324 km,0.1 km,Saccagiola
466,Bemyans,River,61 m³/s,1201 km,0.301 km,Bemyans
502,Schlutosch,Creek,61 m³/s,535 km,0.2 km,Schlutosch
879,Chain,Creek,61 m³/s,465 km,0.1 km,Chain
170,Hatonbeck,Stream,60 m³/s,337 km,0.1 km,Wargleters
221,Oumapi,River,60 m³/s,780 km,0.2 km,Benaskivi
350,Certe,River,60 m³/s,1201 km,0.2 km,Ruannenest
497,Hatbury,Creek,60 m³/s,482 km,0.1 km,Hatbury
567,Schlillenfel,Fork,60 m³/s,600 km,0.1 km,Otnautach
1057,Vilmopioja,River,60 m³/s,229 km,0.1 km,Vilmopioja
574,Maspirarela,River,59 m³/s,562 km,0.1 km,Mentevina
756,Exningham,Brook,59 m³/s,487 km,0.2 km,Exningham
861,Renchlinhau,Branch,59 m³/s,282 km,0.1 km,Dorstad
43,Lubios,Creek,58 m³/s,356 km,0.1 km,Lubios
71,Bostowence,Creek,58 m³/s,554 km,0.2 km,Bostowence
419,Sotandaho,River,58 m³/s,834 km,0.2 km,Hettinen
492,Krezutsk,Branch,58 m³/s,382 km,0.1 km,Chern
573,Seginue,River,58 m³/s,305 km,0.1 km,Seginue
895,Kalamen,River,58 m³/s,308 km,0.1 km,Kalamen
48,Badon,Fork,57 m³/s,771 km,0.2 km,Ardonvilly
149,Haali,River,57 m³/s,1499 km,0.2 km,Piglia
232,Botstad,Creek,57 m³/s,289 km,0.1 km,Botstad
298,Pelas,River,57 m³/s,882 km,0.2 km,Mentevina
357,Reiseykir,Branch,57 m³/s,457 km,0.1 km,Haugslina
456,Rzhischev,Fork,57 m³/s,578 km,0.1 km,Moschiyhov
491,Enzklosbach,River,57 m³/s,505 km,0.1 km,Enzklosbach
682,Porvinasasa,Brook,57 m³/s,296 km,0.1 km,Porvinasasa
761,Schozinberg,River,57 m³/s,604 km,0.1 km,Geiter
789,Clifnalbole,River,57 m³/s,608 km,0.1 km,Clifnalbole
792,Horwihl,Brook,57 m³/s,326 km,0.1 km,Horwihl
1056,Eros,River,57 m³/s,268 km,0.1 km,Eros
52,Holsoya,River,56 m³/s,436 km,0 km,Oyabygd
123,Oiverres,Branch,56 m³/s,424 km,0.1 km,Crotvilleaux
132,Braccosco,Stream,56 m³/s,478 km,0.1 km,Braccosco
243,Cormontbarcy,Fork,56 m³/s,1034 km,0.2 km,Martinnes
316,Lonshofnvi,Creek,56 m³/s,353 km,0 km,Nojaksi
572,Gondroy,Creek,56 m³/s,552 km,0.1 km,Gondroy
862,Utwanberg,Brook,56 m³/s,314 km,0 km,Enzheim
293,Cerme,River,55 m³/s,1028 km,0.2 km,Huetboyersto
579,Tretown,Creek,55 m³/s,288 km,0.1 km,Tretown
643,Ebronbachwe,Creek,55 m³/s,301 km,0 km,Simersbach
778,Uupinkihu,Creek,55 m³/s,363 km,0.1 km,Uupinkihu
901,Napla,River,55 m³/s,246 km,0.1 km,Napla
902,Todttinheim,Creek,55 m³/s,285 km,0.1 km,Todttinheim
210,Gevalatti,Fork,54 m³/s,667 km,0.2 km,Karmeski
248,Schonavelswe,River,54 m³/s,649 km,0.2 km,Bozin
458,Holbolihul,Brook,54 m³/s,266 km,0.1 km,Chern
487,Hrimargar,River,54 m³/s,556 km,0.1 km,Hrimargar
490,Munsgau,Brook,54 m³/s,469 km,0.1 km,Munsgau
759,Bermouth,Branch,54 m³/s,460 km,0.1 km,Betested
1052,Kiiksapaki,Creek,54 m³/s,410 km,0.1 km,Kiiksapaki
1061,Cambrid,River,54 m³/s,257 km,0.1 km,Cambrid
75,Negroes,Branch,53 m³/s,508 km,0.1 km,Alterngen
355,Carrinies,River,53 m³/s,618 km,0.2 km,Carrinies
528,Hanani,Stream,53 m³/s,347 km,0.1 km,Hanani
774,Nanconneret,River,53 m³/s,581 km,0.1 km,Nanconneret
1047,Karlstetlin,Creek,53 m³/s,483 km,0.1 km,Karlstetlin
1183,Ellbach,Creek,53 m³/s,200 km,0.1 km,Ellbach
189,Montanano,River,52 m³/s,602 km,0.1 km,Montanano
262,Calegadori,River,52 m³/s,560 km,0.1 km,Mentevina
268,Mangositi,River,52 m³/s,245 km,0.1 km,Mangositi
323,Schwebachin,Creek,52 m³/s,459 km,0 km,Tiendorfend
449,Parvihisal,River,52 m³/s,248 km,0 km,Onas
507,Redckingley,Creek,52 m³/s,328 km,0.1 km,Redckingley
649,Milton,Brook,52 m³/s,443 km,0.1 km,Betested
665,Padonvilly,River,52 m³/s,601 km,0.1 km,Laillevilly
873,Buzouer,Branch,52 m³/s,395 km,0 km,Granvilliers
891,Bolbach,Creek,52 m³/s,245 km,0.1 km,Bolbach
191,Kruvogland,Creek,51 m³/s,310 km,0.1 km,Kruvogland
328,Gedino,Creek,51 m³/s,381 km,0 km,Panelfarasa
479,Puskija,Stream,51 m³/s,538 km,0.1 km,Puskija
495,Drieque,Creek,51 m³/s,401 km,0.1 km,Drieque
496,Guimefervia,Creek,51 m³/s,300 km,0.1 km,Guimefervia
575,Oyalen,Creek,51 m³/s,155 km,0 km,Valdevera
685,Garua,River,51 m³/s,287 km,0.1 km,Garua
788,Haulachler,Creek,51 m³/s,271 km,0.1 km,Haulachler
1048,Hinbachberg,Brook,51 m³/s,128 km,0 km,Hinbachberg
76,Launalo,River,50 m³/s,1787 km,0.2 km,Borco
125,Harkegover,River,50 m³/s,590 km,0.1 km,Harkegover
139,Simberg,River,50 m³/s,791 km,0.2 km,Biler
581,Chain,Creek,50 m³/s,168 km,0.1 km,Chain
655,Areaury,River,50 m³/s,800 km,0.301 km,Areaury
785,Nilva,Creek,50 m³/s,354 km,0.1 km,Nilva
905,Frerach,Brook,50 m³/s,269 km,0.1 km,Frerach
909,Intliardrere,Creek,50 m³/s,199 km,0.1 km,Intliardrere
1049,Patellemurlin,River,50 m³/s,534 km,0.1 km,Patellemurlin
1058,Lanta,Creek,50 m³/s,280 km,0.1 km,Lanta
1181,Mumajarvi,Brook,50 m³/s,215 km,0.1 km,Mumajarvi
6,Valra,Fork,49 m³/s,1315 km,0.2 km,Arges
102,Azunoncia,Branch,49 m³/s,477 km,0 km,Arges
124,Forrasedano,River,49 m³/s,650 km,0.2 km,Forrasedano
326,Tordelda,Creek,49 m³/s,356 km,0 km,Mentevina
533,Poglia,River,49 m³/s,296 km,0.1 km,Poglia
536,Albatilla,Creek,49 m³/s,284 km,0.1 km,Albatilla
267,Neneroy,River,48 m³/s,288 km,0.1 km,Neneroy
309,Bingin,Creek,48 m³/s,258 km,0.1 km,Bingin
343,Trewen,River,48 m³/s,766 km,0.2 km,Bodmouth
347,Chevrainay,River,48 m³/s,967 km,0.2 km,Ardonvilly
436,Torminos,River,48 m³/s,314 km,0.1 km,Torminos
893,Malmagres,Brook,48 m³/s,251 km,0.1 km,Malmagres
908,Albridgeho,Creek,48 m³/s,223 km,0.1 km,Albridgeho
1060,Klauksyvin,River,48 m³/s,267 km,0.1 km,Klauksyvin
31,Torka,River,47 m³/s,1140 km,0.2 km,Kaupun
161,Kardlakana,Creek,47 m³/s,299 km,0.1 km,Kardlakana
261,Vallettenaz,Creek,47 m³/s,536 km,0.1 km,Vallettenaz
295,Sozas,River,47 m³/s,601 km,0.1 km,Mentevina
406,Oakham,River,47 m³/s,508 km,0.1 km,Wigmorough
420,Vorodets,Fork,47 m³/s,801 km,0.2 km,Mstis
871,Tuvatvema,Creek,47 m³/s,444 km,0.1 km,Tuvatvema
910,Haudensbach,Creek,47 m³/s,239 km,0.1 km,Haudensbach
39,Conta,Fork,46 m³/s,710 km,0.2 km,Yerin
105,Horswestry,Creek,46 m³/s,316 km,0.1 km,Horswestry
134,Bare,River,46 m³/s,906 km,0.2 km,Martinnes
216,Westcheap,Creek,46 m³/s,249 km,0.1 km,Westcheap
279,Kirch,Branch,46 m³/s,323 km,0 km,Teinen
321,Lombreche,Fork,46 m³/s,677 km,0.1 km,Ardonvilly
330,Hueja,River,46 m³/s,625 km,0.1 km,Hueja
390,Ricolvergas,Fork,46 m³/s,580 km,0.2 km,Mentevina
783,Oitsapirttu,Brook,46 m³/s,223 km,0.1 km,Oitsapirttu
787,Balet,Creek,46 m³/s,395 km,0.1 km,Balet
344,Chevry,Brook,45 m³/s,289 km,0 km,Givray
379,Acciacumie,Creek,45 m³/s,429 km,0 km,Mentevina
482,Iinenpaalo,Creek,45 m³/s,452 km,0.1 km,Iinenpaalo
793,Erquesdo,Creek,45 m³/s,246 km,0.1 km,Erquesdo
883,Navelswald,Brook,45 m³/s,445 km,0.1 km,Navelswald
900,Kaudastokos,Creek,45 m³/s,310 km,0.1 km,Kaudastokos
1053,Porkauski,Brook,45 m³/s,259 km,0.1 km,Porkauski
263,Opnafting,River,44 m³/s,388 km,0.1 km,Haugslina
287,Kiukikaupin,Creek,44 m³/s,442 km,0.1 km,Kiukikaupin
303,Orochegora,Branch,44 m³/s,392 km,0.1 km,Mstis
503,Hamerton,Creek,44 m³/s,401 km,0.1 km,Hamerton
535,Ailala,Stream,44 m³/s,160 km,0.1 km,Ailala
660,Karlsbach,Branch,44 m³/s,385 km,0 km,Teinen
111,Liscalmeira,Creek,43 m³/s,405 km,0.1 km,Liscalmeira
212,Marchontita,Creek,43 m³/s,440 km,0 km,Gallinolinio
257,Casttamanoli,River,43 m³/s,654 km,0.2 km,Fonzano
527,Balha,Creek,43 m³/s,368 km,0 km,Coutimpil
562,Laillery,River,43 m³/s,1063 km,0.301 km,Laillery
784,Brambetown,Creek,43 m³/s,406 km,0.1 km,Brambetown
885,Lana,Creek,43 m³/s,321 km,0.1 km,Lana
894,Chadon,River,43 m³/s,326 km,0.1 km,Chadon
899,Hofstadtten,River,43 m³/s,334 km,0.1 km,Hofstadtten
904,Coimbral,River,43 m³/s,302 km,0.1 km,Coimbral
1055,Gatillessy,River,43 m³/s,278 km,0.1 km,Gatillessy
145,Palmelora,River,42 m³/s,751 km,0.2 km,Cosenha
156,Orsvikka,Branch,42 m³/s,399 km,0 km,Oyabygd
308,Albrid,Creek,42 m³/s,211 km,0.1 km,Albrid
319,Bellos,Creek,42 m³/s,451 km,0.2 km,Bellos
362,Higuentiel,Creek,42 m³/s,214 km,0.1 km,Higuentiel
422,Coincy,Creek,42 m³/s,499 km,0.2 km,Rebries
457,Bereton,Creek,42 m³/s,499 km,0.1 km,Newleigh
556,Caney,River,42 m³/s,324 km,0 km,Skipton
647,Tampemi,Creek,42 m³/s,385 km,0 km,Onas
681,Virolly,Creek,42 m³/s,401 km,0.1 km,Virolly
903,Esarquilleu,Creek,42 m³/s,546 km,0.1 km,Esarquilleu
108,Velastelas,Creek,41 m³/s,434 km,0.1 km,Velastelas
121,Tiermallas,River,41 m³/s,693 km,0.2 km,Baresitazu
285,Raina,Fork,41 m³/s,560 km,0.1 km,Piglia
356,Lonta,River,41 m³/s,560 km,0.1 km,Mentevina
364,Abnaski,Creek,41 m³/s,308 km,0.1 km,Abnaski
372,Montera,Branch,41 m³/s,236 km,0 km,Fonzano
434,Vicigliata,Creek,41 m³/s,369 km,0.1 km,Vicigliata
532,Cradonces,River,41 m³/s,438 km,0.1 km,Cradonces
881,Chatilles,River,41 m³/s,363 km,0.1 km,Chatilles
182,Breisenwesen,River,40 m³/s,274 km,0 km,Rheindin
215,Chilmeley,River,40 m³/s,261 km,0.1 km,Chilmeley
223,Pedras,Creek,40 m³/s,504 km,0.1 km,Vimoa
392,Quinsecil,Creek,40 m³/s,552 km,0.1 km,Quinsecil
580,Weitern,River,40 m³/s,211 km,0.1 km,Weitern
667,Signy,River,40 m³/s,638 km,0.1 km,Signy
679,Funcho,Creek,40 m³/s,350 km,0.1 km,Funcho
691,Cheauchapell,Brook,40 m³/s,268 km,0.1 km,Cheauchapell
795,Villorcot,Creek,40 m³/s,274 km,0.1 km,Villorcot
876,Lofen,Branch,40 m³/s,368 km,0 km,Zafenberg
22,Kiikkajar,River,39 m³/s,862 km,0.2 km,Parjamen
197,Hausila,River,39 m³/s,1551 km,0.2 km,Piglia
200,Kimattures,River,39 m³/s,643 km,0.2 km,Piglia
230,Lepla,River,39 m³/s,586 km,0.1 km,Lepla
772,Geiras,River,39 m³/s,266 km,0 km,Pondaozete
67,Penas,Brook,38 m³/s,390 km,0 km,Barvala
90,Dornfeld,Branch,38 m³/s,349 km,0 km,Teinen
162,Kiganwiches,River,38 m³/s,408 km,0.1 km,Kiganwiches
199,Pontaniliaci,River,38 m³/s,658 km,0.2 km,Piglia
250,Pontanorena,Creek,38 m³/s,303 km,0 km,Mentevina
431,Prokatin,Creek,38 m³/s,285 km,0 km,Mstisk
504,Eikagilhei,Branch,38 m³/s,287 km,0 km,Oyabygd
797,Sholeham,Brook,38 m³/s,436 km,0.1 km,Sholeham
799,Retrelis,Creek,38 m³/s,305 km,0.1 km,Retrelis
244,Lamaves,River,37 m³/s,675 km,0.2 km,Adeluz
371,Casepina,Creek,37 m³/s,371 km,0 km,Fonzano
443,Lojosareta,Creek,37 m³/s,339 km,0 km,Mstis
530,Martal,Creek,37 m³/s,318 km,0 km,Rheibachen
564,Varatti,Branch,37 m³/s,476 km,0 km,Astii
677,Keila,River,37 m³/s,237 km,0 km,Keila
116,Barruqueque,River,36 m³/s,366 km,0 km,Arron
120,Luzhesk,Fork,36 m³/s,568 km,0.1 km,Mstis
152,Okurvikki,Creek,36 m³/s,537 km,0.1 km,Nojaksi
314,Puerrifuen,River,36 m³/s,810 km,0.2 km,Puerrifuen
786,Ereiganoas,Creek,36 m³/s,271 km,0 km,Ereiganoas
896,Joenpaa,Creek,36 m³/s,320 km,0 km,Joenpaa
21,Tramoes,Branch,35 m³/s,258 km,0 km,Coril
28,Darliston,Creek,35 m³/s,402 km,0 km,Skiping
133,Luron,Creek,35 m³/s,375 km,0 km,Torre
204,Rogdak,Branch,35 m³/s,346 km,0 km,Bostso
246,Otnaubenberg,Branch,35 m³/s,404 km,0 km,Schopendern
141,Joviijarvi,Fork,34 m³/s,877 km,0.2 km,Parjamen
153,Stotford,River,34 m³/s,901 km,0.2 km,Stotford
753,Roblelos,Creek,34 m³/s,335 km,0.1 km,Roblelos
790,Sernoy,River,34 m³/s,362 km,0 km,Autes
41,Allas,Creek,33 m³/s,448 km,0 km,Yerin
94,Hveveland,Creek,33 m³/s,336 km,0 km,Bostso
117,Trica,Fork,33 m³/s,1054 km,0.2 km,Borco
684,Esboara,Creek,33 m³/s,321 km,0 km,Esboara
38,Bridlingley,Brook,32 m³/s,308 km,0 km,Kingfordge
68,Allar,Creek,32 m³/s,554 km,0 km,Barvala
429,Alvaopo,Branch,32 m³/s,306 km,0 km,Vimoa
